{
  "tracks": 698,
  "tolerances": [
    0.01,
    0.02,
    0.035,
    0.05,
    0.07
  ],
  "results": {
    "previous_2048_256": {
      "params": {
        "bufsize": 2048,
        "hopsize": 256
      },
      "aggregate": {
        "f1_10ms": {
          "macro_f1": 0.2649307733119124,
          "min_f1": 0.0,
          "max_f1": 0.8928571428571429
        },
        "f1_20ms": {
          "macro_f1": 0.40346486185897595,
          "min_f1": 0.0,
          "max_f1": 0.976
        },
        "f1_35ms": {
          "macro_f1": 0.4860586869844193,
          "min_f1": 0.0,
          "max_f1": 0.976
        },
        "f1_50ms": {
          "macro_f1": 0.5263139067907306,
          "min_f1": 0.02040816326530612,
          "max_f1": 0.976
        },
        "f1_70ms": {
          "macro_f1": 0.5628714584748906,
          "min_f1": 0.02702702702702703,
          "max_f1": 0.9806451612903226
        },
        "bpm": {
          "mae": 33.81368194842407,
          "max_abs_error": 101.86
        }
      },
      "micro": {
        "10ms": {
          "precision": 0.2733211900425015,
          "recall": 0.25230355341329447,
          "f1": 0.262392166006062,
          "tp": 11254,
          "fp": 29921,
          "fn": 33351
        },
        "20ms": {
          "precision": 0.41908925318761386,
          "recall": 0.386862459365542,
          "f1": 0.40233154581487524,
          "tp": 17256,
          "fp": 23919,
          "fn": 27349
        },
        "35ms": {
          "precision": 0.5082452944748027,
          "recall": 0.4691626499271382,
          "f1": 0.48792259267894617,
          "tp": 20927,
          "fp": 20248,
          "fn": 23678
        },
        "50ms": {
          "precision": 0.5516939890710383,
          "recall": 0.5092702611814819,
          "f1": 0.5296339473070645,
          "tp": 22716,
          "fp": 18459,
          "fn": 21889
        },
        "70ms": {
          "precision": 0.591183970856102,
          "recall": 0.5457235735904047,
          "f1": 0.5675448822569363,
          "tp": 24342,
          "fp": 16833,
          "fn": 20263
        }
      }
    },
    "updated_2048_128": {
      "params": {
        "bufsize": 2048,
        "hopsize": 128
      },
      "aggregate": {
        "f1_10ms": {
          "macro_f1": 0.23352452168786592,
          "min_f1": 0.0,
          "max_f1": 0.9032258064516129
        },
        "f1_20ms": {
          "macro_f1": 0.3406940987975813,
          "min_f1": 0.0,
          "max_f1": 0.9734513274336283
        },
        "f1_35ms": {
          "macro_f1": 0.4082632054685827,
          "min_f1": 0.0,
          "max_f1": 0.9734513274336283
        },
        "f1_50ms": {
          "macro_f1": 0.44725832133598653,
          "min_f1": 0.034188034188034185,
          "max_f1": 0.9734513274336283
        },
        "f1_70ms": {
          "macro_f1": 0.4886608643430285,
          "min_f1": 0.05128205128205129,
          "max_f1": 0.9734513274336283
        },
        "bpm": {
          "mae": 34.51541547277937,
          "max_abs_error": 130.8
        }
      },
      "micro": {
        "10ms": {
          "precision": 0.24608343601478613,
          "recall": 0.21939244479318462,
          "f1": 0.2319726923623951,
          "tp": 9786,
          "fp": 29981,
          "fn": 34819
        },
        "20ms": {
          "precision": 0.360424472552619,
          "recall": 0.3213316892725031,
          "f1": 0.3397572654435121,
          "tp": 14333,
          "fp": 25434,
          "fn": 30272
        },
        "35ms": {
          "precision": 0.4337013101315161,
          "recall": 0.3866606882636476,
          "f1": 0.4088323140378325,
          "tp": 17247,
          "fp": 22520,
          "fn": 27358
        },
        "50ms": {
          "precision": 0.476299444262831,
          "recall": 0.4246384934424392,
          "f1": 0.44898781586308256,
          "tp": 18941,
          "fp": 20826,
          "fn": 25664
        },
        "70ms": {
          "precision": 0.522066034651847,
          "recall": 0.46544109404775247,
          "f1": 0.4921300905513677,
          "tp": 20761,
          "fp": 19006,
          "fn": 23844
        }
      }
    }
  },
  "delta_updated_minus_previous": {
    "10ms": {
      "recall_delta": -0.03291110862010985,
      "f1_delta": -0.030419473643666928
    },
    "20ms": {
      "recall_delta": -0.06553077009303887,
      "f1_delta": -0.06257428037136314
    },
    "35ms": {
      "recall_delta": -0.08250196166349061,
      "f1_delta": -0.07909027864111368
    },
    "50ms": {
      "recall_delta": -0.08463176773904268,
      "f1_delta": -0.08064613144398192
    },
    "70ms": {
      "recall_delta": -0.08028247954265222,
      "f1_delta": -0.07541479170556864
    }
  }
}