{
  "run_id": "20260501T141349Z",
  "dataset_root": "benchmarks/ballroom-local",
  "tracks_evaluated": 698,
  "baseline": {
    "f1_10ms": {
      "macro_f1": 0.20214717379129615,
      "min_f1": 0.0,
      "max_f1": 0.7010309278350516
    },
    "f1_20ms": {
      "macro_f1": 0.3560781144135298,
      "min_f1": 0.0,
      "max_f1": 0.96
    },
    "f1_35ms": {
      "macro_f1": 0.4788408684487628,
      "min_f1": 0.0,
      "max_f1": 0.9896907216494846
    },
    "f1_50ms": {
      "macro_f1": 0.5329395367291944,
      "min_f1": 0.0,
      "max_f1": 0.9915966386554621
    },
    "f1_70ms": {
      "macro_f1": 0.5724231378070767,
      "min_f1": 0.0,
      "max_f1": 0.9915966386554621
    },
    "bpm": {
      "mae": 28.405343839541548,
      "max_abs_error": 110.69
    }
  },
  "best": {
    "params": {
      "bufsize": 2048,
      "hopsize": 256
    },
    "aggregate": {
      "f1_10ms": {
        "macro_f1": 0.2649490905285273,
        "min_f1": 0.0,
        "max_f1": 0.8928571428571429
      },
      "f1_20ms": {
        "macro_f1": 0.40345541407619817,
        "min_f1": 0.0,
        "max_f1": 0.976
      },
      "f1_35ms": {
        "macro_f1": 0.48614143966662693,
        "min_f1": 0.0,
        "max_f1": 0.976
      },
      "f1_50ms": {
        "macro_f1": 0.5263705729261314,
        "min_f1": 0.02040816326530612,
        "max_f1": 0.976
      },
      "f1_70ms": {
        "macro_f1": 0.5629022812796389,
        "min_f1": 0.02702702702702703,
        "max_f1": 0.9806451612903226
      },
      "bpm": {
        "mae": 33.80924068767908,
        "max_abs_error": 101.86
      }
    }
  }
}