{
  "run_id": "librosa-finetune-op-20260502T025656Z",
  "tracks_total": 698,
  "dataset_root": "benchmarks/ballroom-local",
  "config_path": "benchmarks/ballroom-eval/librosa_fine_tuning_config.json",
  "ranked": [
    {
      "config": {
        "name": "op-spectrogram-plus-tempogram-median",
        "hop_length": 384,
        "tightness": 150,
        "trim": false,
        "onset_envelope": "stft_flux",
        "tempo_source": "tempogram_median",
        "n_fft": 2048
      },
      "f1_10": 0.45341564454552835,
      "rec_10": 0.4485489943980163,
      "prec_10": 0.45838905703761057,
      "f1_20": 0.5937779221834132,
      "rec_20": 0.5874047203599964,
      "prec_20": 0.600290936392858,
      "f1_35": 0.6607331422537336,
      "rec_35": 0.6536412893745982,
      "prec_35": 0.667980572956993,
      "f1_50": 0.6892094178261021,
      "rec_50": 0.6818119202865277,
      "prec_50": 0.6967691982825368,
      "f1_70": 0.710584030541792,
      "rec_70": 0.7029571126825237,
      "prec_70": 0.71837826423594,
      "gate": 0.6272555322185733
    },
    {
      "config": {
        "name": "op-spectrogram-plus-tempogram-dynamic",
        "hop_length": 384,
        "tightness": 150,
        "trim": false,
        "onset_envelope": "stft_flux",
        "tempo_source": "tempogram_dynamic",
        "n_fft": 2048
      },
      "f1_10": 0.4316671144702872,
      "rec_10": 0.4241895490862338,
      "prec_10": 0.43941303779104335,
      "f1_20": 0.5640690162727943,
      "rec_20": 0.5542979153273946,
      "prec_20": 0.5741907865008206,
      "f1_35": 0.6274312816139621,
      "rec_35": 0.6165625860960603,
      "prec_35": 0.6386900373391681,
      "f1_50": 0.6548602268612082,
      "rec_50": 0.6435163926898705,
      "prec_50": 0.6666111732109307,
      "f1_70": 0.6781538030209221,
      "rec_70": 0.6664064652401506,
      "prec_70": 0.6903227340832877,
      "gate": 0.5957501489433782
    },
    {
      "config": {
        "name": "op-librosa-onset-plus-tempogram-median",
        "hop_length": 384,
        "tightness": 150,
        "trim": false,
        "onset_envelope": "librosa_default",
        "tempo_source": "tempogram_median"
      },
      "f1_10": 0.3418389998831639,
      "rec_10": 0.33586647075029846,
      "prec_10": 0.3480277870295475,
      "f1_20": 0.555789227713518,
      "rec_20": 0.5460786114427404,
      "prec_20": 0.565851453585193,
      "f1_35": 0.6264984227129338,
      "rec_35": 0.6155523923225273,
      "prec_35": 0.6378407955464623,
      "f1_50": 0.6509638976515948,
      "rec_50": 0.6395904123427312,
      "prec_50": 0.6627492030261217,
      "f1_70": 0.6717840869260427,
      "rec_70": 0.6600468362567729,
      "prec_70": 0.6839463291621068,
      "gate": 0.591143825213226
    },
    {
      "config": {
        "name": "tuned-baseline",
        "hop_length": 384,
        "tightness": 150,
        "start_bpm": 120,
        "trim": false,
        "onset_envelope": "librosa_default",
        "tempo_source": "fixed_start_bpm"
      },
      "f1_10": 0.33821381413664564,
      "rec_10": 0.3322619156947378,
      "prec_10": 0.3443828379696833,
      "f1_20": 0.5515138059570688,
      "rec_20": 0.5418082468546239,
      "prec_20": 0.561573424077291,
      "f1_35": 0.622816345131399,
      "rec_35": 0.6118560014693728,
      "prec_35": 0.6341765223806011,
      "f1_50": 0.6463034155575549,
      "rec_50": 0.6349297456148406,
      "prec_50": 0.6580919972396069,
      "f1_70": 0.6667056170322158,
      "rec_70": 0.6549729084397098,
      "prec_70": 0.678866335102206,
      "gate": 0.5871650755442339
    },
    {
      "config": {
        "name": "op-librosa-onset-plus-tempogram-dynamic",
        "hop_length": 384,
        "tightness": 150,
        "trim": false,
        "onset_envelope": "librosa_default",
        "tempo_source": "tempogram_dynamic"
      },
      "f1_10": 0.3279783456955039,
      "rec_10": 0.32131049683166496,
      "prec_10": 0.33492880220174703,
      "f1_20": 0.533436449069029,
      "rec_20": 0.5225916062081,
      "prec_20": 0.5447409357424913,
      "f1_35": 0.6018912363342357,
      "rec_35": 0.5896546974010469,
      "prec_35": 0.6146464042120379,
      "f1_50": 0.6264984005343269,
      "rec_50": 0.6137615942694462,
      "prec_50": 0.6397750388895537,
      "f1_70": 0.647613690957453,
      "rec_70": 0.6344476076774727,
      "prec_70": 0.6613378006461649,
      "gate": 0.5676638427016323
    },
    {
      "config": {
        "name": "default-ish",
        "hop_length": 512,
        "tightness": 100,
        "start_bpm": 120,
        "trim": true,
        "onset_envelope": "librosa_default",
        "tempo_source": "fixed_start_bpm"
      },
      "f1_10": 0.15529142968256285,
      "rec_10": 0.14668472770686014,
      "prec_10": 0.1649710803552985,
      "f1_20": 0.4323076175198095,
      "rec_20": 0.4083478740012857,
      "prec_20": 0.45925428630448256,
      "f1_35": 0.5954012930824948,
      "rec_35": 0.5624024244650565,
      "prec_35": 0.6325139434001239,
      "f1_50": 0.629891594963784,
      "rec_50": 0.5949811736614933,
      "prec_50": 0.6691541003924809,
      "f1_70": 0.6536143114092655,
      "rec_70": 0.6173891082744054,
      "prec_70": 0.6943555050609378,
      "gate": 0.5138544553011521
    }
  ],
  "best": {
    "config": {
      "name": "op-spectrogram-plus-tempogram-median",
      "hop_length": 384,
      "tightness": 150,
      "trim": false,
      "onset_envelope": "stft_flux",
      "tempo_source": "tempogram_median",
      "n_fft": 2048
    },
    "f1_10": 0.45341564454552835,
    "rec_10": 0.4485489943980163,
    "prec_10": 0.45838905703761057,
    "f1_20": 0.5937779221834132,
    "rec_20": 0.5874047203599964,
    "prec_20": 0.600290936392858,
    "f1_35": 0.6607331422537336,
    "rec_35": 0.6536412893745982,
    "prec_35": 0.667980572956993,
    "f1_50": 0.6892094178261021,
    "rec_50": 0.6818119202865277,
    "prec_50": 0.6967691982825368,
    "f1_70": 0.710584030541792,
    "rec_70": 0.7029571126825237,
    "prec_70": 0.71837826423594,
    "gate": 0.6272555322185733
  }
}