{
  "run_id": "librosa-finetune-op-stft-tempo-20260502T045238Z",
  "tracks_total": 698,
  "tracks_subset": 233,
  "phase1_count": 24,
  "phase2_count": 81,
  "full_eval_count": 6,
  "phase1_top3": [
    {
      "config": {
        "name": "p1-n3072-h512-fluxmean",
        "n_fft": 3072,
        "hop_length": 512,
        "flux_reduce": "mean",
        "tempogram_win_length": 384,
        "tempogram_norm": Infinity,
        "tempo_source": "tempogram_median",
        "tempo_stat": "median",
        "tightness": 150
      },
      "prec_10": 0.48234212944728894,
      "rec_10": 0.5043931905546403,
      "f1_10": 0.4931212670290584,
      "prec_20": 0.6337797032952606,
      "rec_20": 0.6627539813289401,
      "f1_20": 0.6479430910677136,
      "prec_35": 0.6958119994748588,
      "rec_35": 0.727622185612301,
      "f1_35": 0.7113616535802966,
      "prec_50": 0.7212813443612971,
      "rec_50": 0.7542559033498077,
      "f1_50": 0.7374001744849339,
      "prec_70": 0.7396612839700669,
      "rec_70": 0.7734761120263591,
      "f1_70": 0.7561908596738474,
      "gate": 0.6796523723240051
    },
    {
      "config": {
        "name": "p1-n3072-h320-fluxmean",
        "n_fft": 3072,
        "hop_length": 320,
        "flux_reduce": "mean",
        "tempogram_win_length": 384,
        "tempogram_norm": Infinity,
        "tempo_source": "tempogram_median",
        "tempo_stat": "median",
        "tightness": 150
      },
      "prec_10": 0.45570583757831257,
      "rec_10": 0.5342531576057111,
      "f1_10": 0.4918633677757765,
      "prec_20": 0.5947655014930616,
      "rec_20": 0.6972817133443163,
      "f1_20": 0.641956583562423,
      "prec_35": 0.6569471280519936,
      "rec_35": 0.770181219110379,
      "f1_35": 0.7090719499478624,
      "prec_50": 0.6825341062123075,
      "rec_50": 0.8001784733662822,
      "f1_50": 0.7366891016526053,
      "prec_70": 0.7030271093155337,
      "rec_70": 0.8242037342119715,
      "f1_70": 0.7588081018737954,
      "gate": 0.6755142667551427
    },
    {
      "config": {
        "name": "p1-n3072-h384-fluxmean",
        "n_fft": 3072,
        "hop_length": 384,
        "flux_reduce": "mean",
        "tempogram_win_length": 384,
        "tempogram_norm": Infinity,
        "tempo_source": "tempogram_median",
        "tempo_stat": "median",
        "tightness": 150
      },
      "prec_10": 0.47342964824120604,
      "rec_10": 0.5173668314113125,
      "f1_10": 0.4944240356861716,
      "prec_20": 0.6123743718592964,
      "rec_20": 0.6692064799560681,
      "f1_20": 0.6395303070060352,
      "prec_35": 0.6728015075376884,
      "rec_35": 0.7352416254805052,
      "f1_35": 0.7026371031225401,
      "prec_50": 0.6976758793969849,
      "rec_50": 0.7624244920373421,
      "f1_50": 0.7286145368669641,
      "prec_70": 0.7175879396984924,
      "rec_70": 0.7841845140032949,
      "f1_70": 0.7494096037785358,
      "gate": 0.6710837050642877
    }
  ],
  "phase2_top6_subset": [
    {
      "config": {
        "name": "p2-3072-320-mean-tempogram_median-w320-t165-smean",
        "n_fft": 3072,
        "hop_length": 320,
        "flux_reduce": "mean",
        "tempogram_win_length": 320,
        "tempogram_norm": Infinity,
        "tempo_source": "tempogram_median",
        "tempo_stat": "mean",
        "tightness": 165
      },
      "prec_10": 0.4534566647061969,
      "rec_10": 0.582166392092257,
      "f1_10": 0.509813350966307,
      "prec_20": 0.5940758167138962,
      "rec_20": 0.7626990664470071,
      "f1_20": 0.6679089898109466,
      "prec_35": 0.6524621718440892,
      "rec_35": 0.8376578802855574,
      "f1_35": 0.7335517417570859,
      "prec_50": 0.6763620809495803,
      "rec_50": 0.8683415705656233,
      "f1_50": 0.7604219891196536,
      "prec_70": 0.6956103298935999,
      "rec_70": 0.893053267435475,
      "f1_70": 0.7820624567942052,
      "gate": 0.7007303657840163
    },
    {
      "config": {
        "name": "p2-3072-320-mean-tempogram_median-w320-t150-smean",
        "n_fft": 3072,
        "hop_length": 320,
        "flux_reduce": "mean",
        "tempogram_win_length": 320,
        "tempogram_norm": Infinity,
        "tempo_source": "tempogram_median",
        "tempo_stat": "mean",
        "tightness": 150
      },
      "prec_10": 0.45352504142391364,
      "rec_10": 0.582440966501922,
      "f1_10": 0.5099618355019984,
      "prec_20": 0.5931904431022502,
      "rec_20": 0.7618066996155958,
      "f1_20": 0.6670072422393846,
      "prec_35": 0.6519322251322893,
      "rec_35": 0.8372460186710599,
      "f1_35": 0.7330588694894372,
      "prec_50": 0.6767331230958362,
      "rec_50": 0.8690966501922021,
      "f1_50": 0.760945998737867,
      "prec_70": 0.6964562510021914,
      "rec_70": 0.8944261394838001,
      "f1_70": 0.7831234786789675,
      "gate": 0.7000330558644109
    },
    {
      "config": {
        "name": "p2-3072-320-mean-tempogram_median-w320-t140-smean",
        "n_fft": 3072,
        "hop_length": 320,
        "flux_reduce": "mean",
        "tempogram_win_length": 320,
        "tempogram_norm": Infinity,
        "tempo_source": "tempogram_median",
        "tempo_stat": "mean",
        "tightness": 140
      },
      "prec_10": 0.45290377731474063,
      "rec_10": 0.581891817682592,
      "f1_10": 0.5093585699263933,
      "prec_20": 0.5918149276059198,
      "rec_20": 0.7603651839648545,
      "f1_20": 0.6655850983926694,
      "prec_35": 0.6510124485761607,
      "rec_35": 0.8364222954420648,
      "f1_35": 0.7321616343698363,
      "prec_50": 0.6758027461665865,
      "rec_50": 0.868272926963207,
      "f1_50": 0.7600420609884332,
      "prec_70": 0.6955708714003312,
      "rec_70": 0.8936710598572213,
      "f1_70": 0.782274297731711,
      "gate": 0.6988733663812529
    },
    {
      "config": {
        "name": "p2-3072-320-mean-tempogram_median-w320-t165-smedian",
        "n_fft": 3072,
        "hop_length": 320,
        "flux_reduce": "mean",
        "tempogram_win_length": 320,
        "tempogram_norm": Infinity,
        "tempo_source": "tempogram_median",
        "tempo_stat": "median",
        "tightness": 165
      },
      "prec_10": 0.4547295817823517,
      "rec_10": 0.5702224052718287,
      "f1_10": 0.5059690583505908,
      "prec_20": 0.5956864462447996,
      "rec_20": 0.7469796814936848,
      "f1_20": 0.6628091119502983,
      "prec_35": 0.654915699583972,
      "rec_35": 0.8212520593080724,
      "f1_35": 0.7287123888415153,
      "prec_50": 0.6797679001532735,
      "rec_50": 0.8524162548050521,
      "f1_50": 0.7563649652820075,
      "prec_70": 0.6986533829647471,
      "rec_70": 0.8760982976386601,
      "f1_70": 0.7773784870264344,
      "gate": 0.6957607503959069
    },
    {
      "config": {
        "name": "p2-3072-320-mean-tempogram_median-w320-t140-smedian",
        "n_fft": 3072,
        "hop_length": 320,
        "flux_reduce": "mean",
        "tempogram_win_length": 320,
        "tempogram_norm": Infinity,
        "tempo_source": "tempogram_median",
        "tempo_stat": "median",
        "tightness": 140
      },
      "prec_10": 0.45376496965057145,
      "rec_10": 0.5696046128500823,
      "f1_10": 0.5051285953431746,
      "prec_20": 0.5947394323836606,
      "rec_20": 0.7465678198791873,
      "f1_20": 0.6620605691675544,
      "prec_35": 0.6547274019795483,
      "rec_35": 0.8218698517298187,
      "f1_35": 0.728838837315477,
      "prec_50": 0.6805927708208016,
      "rec_50": 0.8543382756727073,
      "f1_50": 0.7576320194795312,
      "prec_70": 0.7000054683655056,
      "rec_70": 0.8787067545304778,
      "f1_70": 0.7792421244863795,
      "gate": 0.6954497032415157
    },
    {
      "config": {
        "name": "p2-3072-320-mean-tempogram_median-w320-t150-smedian",
        "n_fft": 3072,
        "hop_length": 320,
        "flux_reduce": "mean",
        "tempogram_win_length": 320,
        "tempogram_norm": Infinity,
        "tempo_source": "tempogram_median",
        "tempo_stat": "median",
        "tightness": 150
      },