{
  "run_id": "librosa-pass2-20260501T235315Z",
  "tracks": 698,
  "config": {
    "hop_length": 256,
    "tightness": 300,
    "trim": false,
    "two_pass_bpm": true,
    "pass1": "librosa.feature.tempo median",
    "pass2": "librosa.beat.beat_track with bpm=pass1"
  },
  "metrics": {
    "prec_10": 0.18909237557527162,
    "rec_10": 0.17870193924447933,
    "f1_10": 0.18375038900863314,
    "prec_20": 0.4895858044313707,
    "rec_20": 0.4626835556551956,
    "f1_20": 0.4757546767482336,
    "prec_35": 0.6146035963372396,
    "rec_35": 0.5808317453200313,
    "f1_35": 0.5972406320958056,
    "prec_50": 0.6487877781467951,
    "rec_50": 0.613137540634458,
    "f1_50": 0.6304590878179785,
    "prec_70": 0.6735541111163827,
    "rec_70": 0.6365429884542092,
    "f1_70": 0.6545257552530572,
    "gate_20_35": 0.5364976544220196
  }
}